<?xml version="1.0" standalone="yes"?>
<mi:PackageInstaller xmlns:mi="http://www.composite.net/ns/management/packageinstaller/1.0">
	<mi:PackageRequirements minimumCompositeVersion="4.2.0.0" maximumCompositeVersion="9.9999.9999.9999" />
	<mi:PackageInformation name="Orckestra.Web.BundlingAndMinification" groupName="Orckestra.Web" version="1.2.1" author="Orckestra" website="https://cms.orckestra.com/" readMoreUrl="http://docs.cms.orckestra.com/Composite.Web.BundlingAndMinification" id="83472ca2-e38e-44f3-9d10-8194b23fdee8" canBeUninstalled="true" systemLocking="hard" flushOnCompletion="true">
		<TechnicalDetails>The package is based on Microsoft ASP.NET Web Optimization framework. If you need support for SASS or LESS files,  install the Orckestra.Web.Css.Sass or Orckestra.Web.Css.Less packages.</TechnicalDetails>
		<Description>Bundling and Minification of the Style and Javascript  resources to improve site page request load time.</Description>
	</mi:PackageInformation>
	<mi:PackageFragmentInstallerBinaries />
	<mi:PackageFragmentInstallers>
		<mi:Add installerType="Composite.Core.PackageSystem.PackageFragmentInstallers.FilePackageFragmentInstaller, Composite" uninstallerType="Composite.Core.PackageSystem.PackageFragmentInstallers.FilePackageFragmentUninstaller, Composite">
			<Files>
				<File sourceFilename="~\Bin\WebGrease.dll" targetFilename="~\Bin\WebGrease.dll" allowOverwrite="true" />
                <File sourceFilename="~\Bin\Composite.Web.BundlingAndMinification.dll" targetFilename="~\Bin\Composite.Web.BundlingAndMinification.dll" allowOverwrite="true" />
                <File sourceFilename="~\Bin\Composite.Web.BundlingAndMinification.Api.dll" targetFilename="~\Bin\Composite.Web.BundlingAndMinification.Api.dll" allowOverwrite="true" />
				<File sourceFilename="~\App_Data\Razor\Composite\Web\BundlingAndMinification.cshtml" targetFilename="~\App_Data\Razor\Composite\Web\BundlingAndMinification.cshtml" allowOverwrite="true" />
				<File sourceFilename="~\Bin\Antlr3.Runtime.dll" targetFilename="~\Bin\Antlr3.Runtime.dll" allowOverwrite="true" />
				<File sourceFilename="~\Bin\System.Web.Optimization.dll" targetFilename="~\Bin\System.Web.Optimization.dll" allowOverwrite="true" />
			</Files>
		</mi:Add>
		<mi:Add installerType="Composite.Core.PackageSystem.PackageFragmentInstallers.FileXslTransformationPackageFragmentInstaller, Composite" uninstallerType="Composite.Core.PackageSystem.PackageFragmentInstallers.FileXslTransformationPackageFragmentUninstaller, Composite">
			<XslFiles>
				<XslFile pathXml="~/Web.config" installXsl="~\Web.config\Install.xsl" uninstallXsl="~\Web.config\Uninstall.xsl" />
			</XslFiles>
		</mi:Add>
	</mi:PackageFragmentInstallers>
</mi:PackageInstaller>