﻿<?xml version="1.0" encoding="utf-8"?>
<Data>
  <Add Id="eb63dd0e-26c7-470f-99b9-af08942c35a4" UserGroupId="0dd7fdb9-dd4b-4990-a0ec-b42cca61e39c" SerializedEntityToken="entityTokenType='Composite\.Plugins\.Elements\.ElementProviders\.VirtualElementProvider\.VirtualElementProviderEntityToken,Composite'entityToken='_EntityToken_Type_=\'Composite\\\.Plugins\\\.Elements\\\.ElementProviders\\\.VirtualElementProvider\\\.VirtualElementProviderEntityToken,Composite\'_EntityToken_Source_=\'VirtualElementProvider\'_EntityToken_Id_=\'SystemPerspective\''" />
  <Add Id="dc7fe74a-9f67-4041-905a-2f561e157e6c" UserGroupId="0dd7fdb9-dd4b-4990-a0ec-b42cca61e39c" SerializedEntityToken="entityTokenType='Composite\.Plugins\.Elements\.ElementProviders\.VirtualElementProvider\.VirtualElementProviderEntityToken,Composite'entityToken='_EntityToken_Type_=\'Composite\\\.Plugins\\\.Elements\\\.ElementProviders\\\.VirtualElementProvider\\\.VirtualElementProviderEntityToken,Composite\'_EntityToken_Source_=\'VirtualElementProvider\'_EntityToken_Id_=\'ContentPerspective\''" />
  <Add Id="cae32f73-9749-4150-8c0d-c2bbfacfd860" UserGroupId="0dd7fdb9-dd4b-4990-a0ec-b42cca61e39c" SerializedEntityToken="entityTokenType='Composite\.Plugins\.Elements\.ElementProviders\.VirtualElementProvider\.VirtualElementProviderEntityToken,Composite'entityToken='_EntityToken_Type_=\'Composite\\\.Plugins\\\.Elements\\\.ElementProviders\\\.VirtualElementProvider\\\.VirtualElementProviderEntityToken,Composite\'_EntityToken_Source_=\'VirtualElementProvider\'_EntityToken_Id_=\'MediaPerspective\''" />
  <Add Id="ee07dc79-cbe8-41cc-8f1c-2bd53f4f08ce" UserGroupId="0dd7fdb9-dd4b-4990-a0ec-b42cca61e39c" SerializedEntityToken="entityTokenType='Composite\.Plugins\.Elements\.ElementProviders\.VirtualElementProvider\.VirtualElementProviderEntityToken,Composite'entityToken='_EntityToken_Type_=\'Composite\\\.Plugins\\\.Elements\\\.ElementProviders\\\.VirtualElementProvider\\\.VirtualElementProviderEntityToken,Composite\'_EntityToken_Source_=\'VirtualElementProvider\'_EntityToken_Id_=\'DesignPerspective\''" />
  <Add Id="d93ec30d-0599-4ab6-bd7c-97876bf68377" UserGroupId="0dd7fdb9-dd4b-4990-a0ec-b42cca61e39c" SerializedEntityToken="entityTokenType='Composite\.Plugins\.Elements\.ElementProviders\.VirtualElementProvider\.VirtualElementProviderEntityToken,Composite'entityToken='_EntityToken_Type_=\'Composite\\\.Plugins\\\.Elements\\\.ElementProviders\\\.VirtualElementProvider\\\.VirtualElementProviderEntityToken,Composite\'_EntityToken_Source_=\'VirtualElementProvider\'_EntityToken_Id_=\'FunctionsPerspective\''" />
  <Add Id="af63eb28-14de-44f9-b4d9-110a507a2944" UserGroupId="0dd7fdb9-dd4b-4990-a0ec-b42cca61e39c" SerializedEntityToken="entityTokenType='Composite\.Plugins\.Elements\.ElementProviders\.VirtualElementProvider\.VirtualElementProviderEntityToken,Composite'entityToken='_EntityToken_Type_=\'Composite\\\.Plugins\\\.Elements\\\.ElementProviders\\\.VirtualElementProvider\\\.VirtualElementProviderEntityToken,Composite\'_EntityToken_Source_=\'VirtualElementProvider\'_EntityToken_Id_=\'DatasPerspective\''" />
  <Add Id="788de738-6161-4de9-9a86-76ab92748180" UserGroupId="a313fdae-232e-4997-9a21-264649dff307" SerializedEntityToken="entityTokenType='Composite\.Plugins\.Elements\.ElementProviders\.VirtualElementProvider\.VirtualElementProviderEntityToken,Composite'entityToken='_EntityToken_Type_=\'Composite\\\.Plugins\\\.Elements\\\.ElementProviders\\\.VirtualElementProvider\\\.VirtualElementProviderEntityToken,Composite\'_EntityToken_Source_=\'VirtualElementProvider\'_EntityToken_Id_=\'FunctionsPerspective\''" />
  <Add Id="cd12ac07-1f8d-41e5-b76e-b610eb2f5be4" UserGroupId="a313fdae-232e-4997-9a21-264649dff307" SerializedEntityToken="entityTokenType='Composite\.Plugins\.Elements\.ElementProviders\.VirtualElementProvider\.VirtualElementProviderEntityToken,Composite'entityToken='_EntityToken_Type_=\'Composite\\\.Plugins\\\.Elements\\\.ElementProviders\\\.VirtualElementProvider\\\.VirtualElementProviderEntityToken,Composite\'_EntityToken_Source_=\'VirtualElementProvider\'_EntityToken_Id_=\'DatasPerspective\''" />
  <Add Id="838fb932-4919-4a75-bd69-a4e9b06ee80c" UserGroupId="a313fdae-232e-4997-9a21-264649dff307" SerializedEntityToken="entityTokenType='Composite\.Plugins\.Elements\.ElementProviders\.VirtualElementProvider\.VirtualElementProviderEntityToken,Composite'entityToken='_EntityToken_Type_=\'Composite\\\.Plugins\\\.Elements\\\.ElementProviders\\\.VirtualElementProvider\\\.VirtualElementProviderEntityToken,Composite\'_EntityToken_Source_=\'VirtualElementProvider\'_EntityToken_Id_=\'UserPerspective\''" />
  <Add Id="6c02b26b-7e88-4c5f-b248-f1a528cf07b5" UserGroupId="a313fdae-232e-4997-9a21-264649dff307" SerializedEntityToken="entityTokenType='Composite\.Plugins\.Elements\.ElementProviders\.VirtualElementProvider\.VirtualElementProviderEntityToken,Composite'entityToken='_EntityToken_Type_=\'Composite\\\.Plugins\\\.Elements\\\.ElementProviders\\\.VirtualElementProvider\\\.VirtualElementProviderEntityToken,Composite\'_EntityToken_Source_=\'VirtualElementProvider\'_EntityToken_Id_=\'SystemPerspective\''" />
  <Add Id="381fd64c-ea9c-4504-b515-69e415c169a7" UserGroupId="a313fdae-232e-4997-9a21-264649dff307" SerializedEntityToken="entityTokenType='Composite\.Plugins\.Elements\.ElementProviders\.VirtualElementProvider\.VirtualElementProviderEntityToken,Composite'entityToken='_EntityToken_Type_=\'Composite\\\.Plugins\\\.Elements\\\.ElementProviders\\\.VirtualElementProvider\\\.VirtualElementProviderEntityToken,Composite\'_EntityToken_Source_=\'VirtualElementProvider\'_EntityToken_Id_=\'ContentPerspective\''" />
  <Add Id="65253009-dafb-40f8-bdb3-58247e6edfc9" UserGroupId="a313fdae-232e-4997-9a21-264649dff307" SerializedEntityToken="entityTokenType='Composite\.Plugins\.Elements\.ElementProviders\.VirtualElementProvider\.VirtualElementProviderEntityToken,Composite'entityToken='_EntityToken_Type_=\'Composite\\\.Plugins\\\.Elements\\\.ElementProviders\\\.VirtualElementProvider\\\.VirtualElementProviderEntityToken,Composite\'_EntityToken_Source_=\'VirtualElementProvider\'_EntityToken_Id_=\'DesignPerspective\''" />
  <Add Id="16236394-98d8-42a9-b8e8-23794814ec90" UserGroupId="a313fdae-232e-4997-9a21-264649dff307" SerializedEntityToken="entityTokenType='Composite\.Plugins\.Elements\.ElementProviders\.VirtualElementProvider\.VirtualElementProviderEntityToken,Composite'entityToken='_EntityToken_Type_=\'Composite\\\.Plugins\\\.Elements\\\.ElementProviders\\\.VirtualElementProvider\\\.VirtualElementProviderEntityToken,Composite\'_EntityToken_Source_=\'VirtualElementProvider\'_EntityToken_Id_=\'MediaPerspective\''" />
  <Add Id="79537783-e2ba-439f-9570-15c0dc25ac7e" UserGroupId="c3d9049e-f95e-4375-a3fa-af3ee9f40606" SerializedEntityToken="entityTokenType='Composite\.Plugins\.Elements\.ElementProviders\.VirtualElementProvider\.VirtualElementProviderEntityToken,Composite'entityToken='_EntityToken_Type_=\'Composite\\\.Plugins\\\.Elements\\\.ElementProviders\\\.VirtualElementProvider\\\.VirtualElementProviderEntityToken,Composite\'_EntityToken_Source_=\'VirtualElementProvider\'_EntityToken_Id_=\'ContentPerspective\''" />
  <Add Id="69878ad7-eea2-43c9-af60-e68820b0a11a" UserGroupId="c3d9049e-f95e-4375-a3fa-af3ee9f40606" SerializedEntityToken="entityTokenType='Composite\.Plugins\.Elements\.ElementProviders\.VirtualElementProvider\.VirtualElementProviderEntityToken,Composite'entityToken='_EntityToken_Type_=\'Composite\\\.Plugins\\\.Elements\\\.ElementProviders\\\.VirtualElementProvider\\\.VirtualElementProviderEntityToken,Composite\'_EntityToken_Source_=\'VirtualElementProvider\'_EntityToken_Id_=\'MediaPerspective\''" />
</Data>