﻿<?xml version="1.0" encoding="utf-8"?>
<mi:PackageInstaller xmlns:mi="http://www.composite.net/ns/management/packageinstaller/1.0" >

  <mi:PackageRequirements minimumCompositeVersion="2.0.0.0" maximumCompositeVersion="9.9999.9999.9999">
  </mi:PackageRequirements>

  <mi:PackageInformation id="9B6B0EA9-1F21-4692-AFF8-BC9DD33CABEC" name="Basic Usergroup Configuration for C1" groupName="Composite" version="2.0.1" author="Composite" website="www.composite.net" canBeUninstalled="false" systemLocking="none">
    <Description>This package contains a basic usergroup configuration for Composite C1.</Description>
  </mi:PackageInformation>

  <mi:PackageFragmentInstallerBinaries>
  </mi:PackageFragmentInstallerBinaries>

  <mi:PackageFragmentInstallers>

    <mi:Add installerType="Composite.Core.PackageSystem.PackageFragmentInstallers.DataPackageFragmentInstaller, Composite"
						uninstallerType="Composite.Core.PackageSystem.PackageFragmentInstallers.DataPackageFragmentUninstaller, Composite">
      <Types>
        <Type type="Composite.Data.Types.IUserGroup, Composite">
          <Data dataScopeIdentifier="administrated" dataFilename="~\Datas\Composite.Data.Types.IUserGroups.xml" />
        </Type>
        <Type type="Composite.Data.Types.IUserGroupActivePerspective, Composite">
          <Data dataScopeIdentifier="administrated" dataFilename="~\Datas\Composite.Data.Types.IUserGroupActivePerspectives.xml" />
        </Type>
        <Type type="Composite.Data.Types.IUserGroupPermissionDefinition, Composite">
          <Data dataScopeIdentifier="administrated" dataFilename="~\Datas\Composite.Data.Types.IUserGroupPermissionDefinitions.xml" />
        </Type>
        <Type type="Composite.Data.Types.IUserGroupPermissionDefinitionPermissionType, Composite">
          <Data dataScopeIdentifier="administrated" dataFilename="~\Datas\Composite.Data.Types.IUserGroupPermissionDefinitionPermissionTypes.xml" />
        </Type>
      </Types>
    </mi:Add>

    <mi:Add installerType="Composite.Core.PackageSystem.PackageFragmentInstallers.UserGroupUserAdderFragmentInstaller, Composite"
						uninstallerType="Composite.Core.PackageSystem.PackageFragmentInstallers.UserGroupUserAdderFragmentUninstaller, Composite">
      <UsergroupNames>
        <UsergroupName Name="Administrator" />
      </UsergroupNames>
    </mi:Add>

  </mi:PackageFragmentInstallers>
</mi:PackageInstaller>