<?xml version="1.0" standalone="yes"?>
<mi:PackageInstaller xmlns:mi="http://www.composite.net/ns/management/packageinstaller/1.0">
    <mi:PackageRequirements minimumCompositeVersion="4.2.5168.19000" maximumCompositeVersion="9.9999.9999.9999" />
    <mi:PackageInformation name="Orckestra.Web.Css.Less" groupName="Orckestra.Web" version="1.3.2" author="Orckestra" website="https://cms.orckestra.com/" readMoreUrl="http://docs.cms.orckestra.com/Composite.Web.Css.Less" id="b1b27757-a065-41fd-91b0-e8e5f2a0e8d0" canBeUninstalled="true" systemLocking="hard" flushOnCompletion="false">
        <TechnicalDetails>Based on {less} version 1.4.2</TechnicalDetails>
        <Description>Allows you to create and use dynamic CSS's  by integrating .less support on your C1 website (http://lesscss.org/)</Description>
    </mi:PackageInformation>
    <mi:PackageFragmentInstallerBinaries />
    <mi:PackageFragmentInstallers>
        <mi:Add installerType="Composite.Core.PackageSystem.PackageFragmentInstallers.FilePackageFragmentInstaller, Composite" uninstallerType="Composite.Core.PackageSystem.PackageFragmentInstallers.FilePackageFragmentUninstaller, Composite">
            <Directories>
                <Directory sourceDirectory="~\Frontend\Orckestra\Web\Css\Less\" targetDirectory="~\Frontend\Orckestra\Web\Css\Less\" allowOverwrite="true" deleteTargetDirectory="false" />
            </Directories>
            <Files>
                <File sourceFilename="~\Bin\Orckestra.Web.Css.Less.dll" targetFilename="~\Bin\Orckestra.Web.Css.Less.dll" allowOverwrite="false" />
                <File sourceFilename="~\Bin\Composite.Web.BundlingAndMinification.Api.dll" targetFilename="~\Bin\Composite.Web.BundlingAndMinification.Api.dll" allowOverwrite="true" />
            </Files>
        </mi:Add>
        <mi:Add installerType="Composite.Core.PackageSystem.PackageFragmentInstallers.FileXslTransformationPackageFragmentInstaller, Composite" uninstallerType="Composite.Core.PackageSystem.PackageFragmentInstallers.FileXslTransformationPackageFragmentUninstaller, Composite">
            <XslFiles>
                <XslFile pathXml="~/Web.config" installXsl="~\Web.config\Install.xsl" uninstallXsl="~\Web.config\Uninstall.xsl" />
            </XslFiles>
        </mi:Add>
    </mi:PackageFragmentInstallers>
</mi:PackageInstaller>